Mã căn hộ,Kỳ phí,Mã loại phí,Tài sản,Tên khoản hiện cho cư dân,Kỳ dịch vụ từ,Kỳ dịch vụ đến,Chỉ số đầu,Chỉ số cuối,Số lượng,Đơn giá,Thành tiền,VAT %,Miễn giảm,Hạn thanh toán,Ghi chú
A-0205,2026-07,QL,,Phí quản lý tháng 7/2026,2026-07-01,2026-07-31,70,16500,1155000,,0,2026-07-15,Phí quản lý theo diện tích
A-0205,2026-07,DIEN,DH-A0205-E1,Tiền điện tháng 7/2026,2026-07-01,2026-07-31,1250,1398,148,3500,518000,8,0,2026-07-15,
A-0205,2026-07,NUOC,DH-A0205-W1,Tiền nước tháng 7/2026,2026-07-01,2026-07-31,320,338,18,15000,270000,,0,2026-07-15,
A-0205,2026-07,OTO,51K-838888,Phí gửi ô tô 51K-838888,2026-07-01,2026-07-31,,1,1200000,1200000,,0,2026-07-15,
A-0205,2026-07,OTO,51K-838888,Phí gửi ô tô 51K-838888 (nợ tháng 6),2026-06-01,2026-06-30,,1,1200000,1200000,,0,2026-07-15,Nợ kỳ trước dồn sang
A-0205,2026-07,XEMAY,59H1-12345,Phí gửi xe máy 59H1-12345,2026-07-01,2026-07-31,,1,120000,120000,,0,2026-07-15,
A-0205,2026-07,DV,,Phí vệ sinh tháng 7/2026,2026-07-01,2026-07-31,1,50000,50000,,0,2026-07-15,
B-1102,2026-07,QL,,Phí quản lý tháng 7/2026,2026-07-01,2026-07-31,85,16500,1402500,,0,2026-07-15,
B-1102,2026-07,DIEN,DH-B1102-E1,Tiền điện tháng 7/2026,2026-07-01,2026-07-31,880,1015,135,3500,472500,8,0,2026-07-15,
B-1102,2026-07,DV,,Ưu đãi cư dân lâu năm,2026-07-01,2026-07-31,,,-200000,,0,2026-07-15,[ĐC] Điều chỉnh giảm
